t,u,y
0,2.3,3.354340449708149
10,2.3,3.6849884746047694
20,2.3,3.90492506736917
30,2.3,4.053378523164817
40,2.3,4.16199806315418
50,2.3,4.246336163076677
60,2.3,4.314547570444263
70,2.3,4.371335733015081
80,2.3,4.41963421052746
90,2.3,4.461387756689955
100,2.3,4.497948909894844
110,2.3,4.530295102409511
120,2.3,4.559155110895792
130,2.3,4.585086569891791
140,2.3,4.608525558761809
150,2.3,4.629819487236162
160,2.3,4.649249586242108
170,2.3,4.667046703592939
180,2.3,4.683402657213635
190,2.3,4.698478562907229
200,2.3,4.712411053841457
210,2.3,4.725317000624688
220,2.3,4.737297145382725
230,2.3,4.748438936265553
240,2.3,4.758818764481858
250,2.3,4.768503748829186
260,2.3,4.777553173280595
270,2.3,4.786019655555657
280,2.3,4.793950104932974
290,2.3,4.801386513363522
300,2.3,4.808366613565026
310,2.3,4.8149244300999126
320,2.3,4.821090743697773
330,2.3,4.826893484745355
340,2.3,4.832358068558686
350,2.3,4.837507682506052
360,2.3,4.842363533075214
370,2.3,4.846945059433565
380,2.3,4.851270118813105
390,2.3,4.855355148086964
400,2.3,4.859215305133622
410,2.3,4.862864592965961
420,2.3,4.86631596910212
430,2.3,4.869581442248726
440,2.3,4.87267215803515
450,2.3,4.875598475264953
460,2.3,4.878370033925994
470,2.3,4.880995816014435
480,2.3,4.883484200072985
490,2.3,4.88584301021426
500,2.3,4.888079560291529
510,2.3,4.890200693787706
520,2.3,4.892212819916139
530,2.3,4.8941219463612615
540,2.3,4.895933709031359
550,2.3,4.897653399148166
560,2.3,4.899285987957219
570,2.3,4.900836149307917
580,2.3,4.902308280322092
590,2.3,4.903706520343868
600,2.3,4.905034768341066
610,2.3,4.906296698908815
620,2.3,4.907495777009047
630,2.3,4.908635271564674
640,2.3,4.909718268014248
650,2.3,4.910747679921581
660,2.3,4.911726259724743
670,2.3,4.912656608700104
680,2.3,4.913541186209309
690,2.3,4.914382318290247
700,2.3,4.915182205646966
710,2.3,4.915942931088155
720,2.3,4.916666466458991
730,2.3,4.9173546791069125
740,2.3,4.918009337918095
750,2.3,4.9186321189579765
760,2.3,4.9192246107461965
770,2.3,4.919788319193562
780,2.3,4.920324672226214
790,2.3,4.9208350241200085
800,2.3,4.921320659566097
810,2.3,4.921782797486986
820,2.3,4.922222594620659
830,2.3,4.922641148888988
840,2.3,4.923039502565259
850,2.3,4.923418645254521
860,2.3,4.923779516699312
870,2.3,4.9241230094224155
880,2.3,4.924449971217311
890,2.3,4.924761207496267
900,4.0,4.927320507178021
910,4.0,4.955967730144099
920,4.0,4.983430609219035
930,4.0,5.009786150345253
940,4.0,5.035100954549457
950,4.0,5.0594330012010875
960,4.0,5.082833092264757
970,4.0,5.105346032649788
980,4.0,5.127011602735599
990,4.0,5.147865365417803
1000,4.0,5.1679393399844855
1010,4.0,5.187262567718685
1020,4.0,5.205861588592745
1030,4.0,5.223760844258444
1040,4.0,5.240983019380849
1050,4.0,5.257549330954114
1060,4.0,5.273479773386532
1070,4.0,5.288793325712654
1080,4.0,5.303508126180643
1090,4.0,5.317641618597276
1100,4.0,5.331210674133839
1110,4.0,5.344231691759829
1120,4.0,5.356720680044491
1130,4.0,5.368693322723023
1140,4.0,5.380165030144651
1150,4.0,5.391150978488615
1160,4.0,5.401666138439195
1170,4.0,5.411725294843467
1180,4.0,5.421343058728326
1190,4.0,5.430533872921628
1200,4.0,5.439312012401965
1210,4.0,5.447691580390315
1220,4.0,5.4556865010925115
1230,4.0,5.46331050990314
1240,4.0,5.4705771417884375
1250,4.0,5.477499718477676
1260,4.0,5.484091335009316
1270,4.0,5.490364846099997
1280,4.0,5.496332852731335
1290,4.0,5.502007689281657
1300,4.0,5.507401411467444
1310,4.0,5.512525785302409
1320,4.0,5.5173922772308845
1330,4.0,5.5220120455464485
1340,4.0,5.526395933166514
1350,4.0,5.530554461798535
1360,4.0,5.534497827503567
1370,4.0,5.538235897637654
1380,4.0,5.541778209130718
1390,4.0,5.545133968045872
1400,4.0,5.548312050348982
1410,4.0,5.551321003808547
1420,4.0,5.554169050939071
1430,4.0,5.5568640928968
1440,4.0,5.559413714234549
1450,4.0,5.561825188422045
1460,4.0,5.5641054840394455
1470,4.0,5.56626127155421
1480,4.0,5.568298930594941
1490,4.0,5.570224557640086
1500,4.0,5.572043974044145
1510,4.0,5.573762734329254
1520,4.0,5.575386134675362
1530,4.0,5.576919221547775
1540,4.0,5.5783668004063065
1550,4.0,5.5797334444457425
1560,4.0,5.581023503322527
1570,4.0,5.582241111827675
1580,4.0,5.583390198470713
1590,4.0,5.58447449394396
1600,4.0,5.585497539440715
1610,4.0,5.586462694804836
1620,4.0,5.5873731464928165
1630,4.0,5.588231915332792
1640,4.0,5.589041864067919
1650,4.0,5.589805704674291
1660,4.0,5.590526005446033
1670,4.0,5.591205197842395
1680,4.0,5.591845583093601
1690,4.0,5.592449338563939
1700,4.0,5.593018523872097
1710,4.0,5.593555086770024
1720,4.0,5.594060868782748
1730,4.0,5.594537610612534
1740,4.0,5.594986957311598
1750,4.0,5.59541046322824
1760,4.0,5.5958095967318595
1770,4.0,5.596185744722733
1780,4.0,5.5965402169328
1790,4.0,5.596874250023994
1800,6.5,5.603506041241379
1810,6.5,5.688164400245352
1820,6.5,5.780727163026606
1830,6.5,5.884522273135634
1840,6.5,6.00504727820754
1850,6.5,6.152505014463799
1860,6.5,6.349595676253122
1870,6.5,6.6677729423860574
1880,6.5,8.282376861514646
1890,6.5,10.673071105664112
1900,6.5,10.962644830090623
1910,6.5,11.124233653346812
1920,6.5,11.234071404607693
1930,6.5,11.31576851151282
1940,6.5,11.37978637744352
1950,6.5,11.431687980353466
1960,6.5,11.474786782860113
1970,6.5,11.511216527195527
1980,6.5,11.542432116924994
1990,6.5,11.56946998064559
2000,6.5,11.59309444567182
2010,6.5,11.61388521698553
2020,6.5,11.632292292334009
2030,6.5,11.648671857698073
2040,6.5,11.66331055901357
2050,6.5,11.676442394058702
2060,6.5,11.688260763933542
2070,6.5,11.698927259163268
2080,6.5,11.708578188172833
2090,6.5,11.717329510719923
2100,6.5,11.725280622538932
2110,6.5,11.732517298251208
2120,6.5,11.739114007909677
2130,6.5,11.745135760870538
2140,6.5,11.750639588402427
2150,6.5,11.755675746953003
2160,6.5,11.760288703098881
2170,6.5,11.764517946187068
2180,6.5,11.76839866373843
2190,6.5,11.771962306620166
2200,6.5,11.775237064982006
2210,6.5,11.778248271421276
2220,6.5,11.781018744395745
2230,6.5,11.783569082257507
2240,6.5,11.78591791623279
2250,6.5,11.788082129073844
2260,6.5,11.790077044852096
2270,6.5,11.791916594366493
2280,6.5,11.793613459847565
2290,6.5,11.795179202001473
2300,6.5,11.796624371924914
2310,6.5,11.797958610005244
2320,6.5,11.79919073358035
2330,6.5,11.80032881485435
2340,6.5,11.801380250335656
2350,6.5,11.802351822874092
2360,6.5,11.803249757215886
2370,6.5,11.80407976986358
2380,6.5,11.804847113917509
2390,6.5,11.805556619482514
2400,6.5,11.806212730145145
2410,6.5,11.80681953596005
2420,6.5,11.807380803327689
2430,6.5,11.807900002097222
2440,6.5,11.808380330187102
2450,6.5,11.808824735980336
2460,6.5,11.809235938720885
2470,6.5,11.809616447111111
2480,6.5,11.809968576287412
2490,6.5,11.810294463331118
2500,6.5,11.810596081454527
2510,6.5,11.810875252986673
2520,6.5,11.811133661270205
2530,6.5,11.811372861569073
2540,6.5,11.81159429107644
2550,6.5,11.811799278103194
2560,6.5,11.811989050519378
2570,6.5,11.812164743513806
2580,6.5,11.812327406730788
2590,6.5,11.812478010837227
2600,6.5,11.812617453568423
2610,6.5,11.812746565296356
2620,6.5,11.812866114160249
2630,6.5,11.812976810795591
2640,6.5,11.813079312694573
2650,6.5,11.813174228227954
2660,6.5,11.8132621203558
2670,6.5,11.813343510052071
2680,6.5,11.81341887946599
2690,6.5,11.813488674841096
2700,1.5,11.805964961005072
2710,1.5,11.697561253118876
2720,1.5,11.55999117736348
2730,1.5,11.368285077986599
2740,1.5,11.03910894695881
2750,1.5,7.423198003950609
2760,1.5,6.296778501850223
2770,1.5,6.011775272433115
2780,1.5,5.840972810131663
2790,1.5,5.7186618460933065
2800,1.5,5.623383885461807
2810,1.5,5.545401146253209
2820,1.5,5.479461788798147
2830,1.5,5.4224076902327125
2840,1.5,5.372190763954014
2850,1.5,5.327406677541158
2860,1.5,5.287050270119925
2870,1.5,5.250377092494193
2880,1.5,5.216820201874562
2890,1.5,5.185937696943706
2900,1.5,5.15737829865196
2910,1.5,5.130858006412713
2920,1.5,5.106143811391023
2930,1.5,5.083042052927274
2940,1.5,5.061389915754702
2950,1.5,5.041049103890548
2960,1.5,5.021901055616947
2970,1.5,5.00384327046962
2980,1.5,4.986786452361051
2990,1.5,4.9706522609071415
3000,1.5,4.955371522304693
3010,1.5,4.940882791822378
3020,1.5,4.9271311884143945
3030,1.5,4.91406744215286
3040,1.5,4.901647109706119
3050,1.5,4.889829923688484
3060,1.5,4.878579249531044
3070,1.5,4.867861629364466
3080,1.5,4.857646396811404
3090,1.5,4.847905349943025
3100,1.5,4.8386124722346215
3110,1.5,4.829743693355842
3120,1.5,4.821276683194443
3130,1.5,4.813190673743411
3140,1.5,4.805466304457249
3150,1.5,4.798085487462332
3160,1.5,4.791031289631904
3170,1.5,4.784287829041885
3180,1.5,4.777840183734444
3190,1.5,4.771674311051781
3200,1.5,4.765776976078013
3210,1.5,4.7601356879542065
3220,1.5,4.754738643019797
3230,1.5,4.749574673890185
3240,1.5,4.744633203711113
3250,1.5,4.739904204940015
3260,1.5,4.735378162096842
3270,1.5,4.731046038004698
3280,1.5,4.7268992431066215
3290,1.5,4.722929607500824
3300,1.5,4.719129355384449
3310,1.5,4.71549108163667
3320,1.5,4.712007730306804
3330,1.5,4.70867257480309
3340,1.5,4.705479199603527
3350,1.5,4.702421483332353
3360,1.5,4.699493583064923
3370,1.5,4.696689919740326
3380,1.5,4.694005164575439
3390,1.5,4.691434226386638
3400,1.5,4.688972239736175
3410,1.5,4.6866145538297515
3420,1.5,4.68435672210002
3430,1.5,4.682194492417963
3440,1.5,4.680123797880412
3450,1.5,4.678140748127474
3460,1.5,4.6762416211485025
3470,1.5,4.674422855539491
3480,1.5,4.672681043178506
3490,1.5,4.671012922289119
3500,1.5,4.669415370864649
3510,1.5,4.6678854004286645
3520,1.5,4.666420150109421
3530,1.5,4.665016881007975
3540,1.5,4.663672970841461
3550,1.5,4.66238590884467
3560,1.5,4.661153290914439
3570,1.5,4.65997281498265
3580,1.5,4.658842276604787
3590,1.5,4.657759564751988
3600,6.5,4.663583270763727
3610,6.5,4.746941980196707
3620,6.5,4.8249520977042195
3630,6.5,4.89905454160791
3640,6.5,4.97034046410054
3650,6.5,5.039682000521831
3660,6.5,5.107815371344497
3670,6.5,5.175398431051579
3680,6.5,5.243054963948205
3690,6.5,5.311413586618018
3700,6.5,5.381147458605095
3710,6.5,5.45302126410233
3720,6.5,5.527954250276175
3730,6.5,5.607113761035795
3740,6.5,5.692066183801353
3750,6.5,5.785040787520406
3760,6.5,5.8894332048888005
3770,6.5,6.0108769865045275
3780,6.5,6.159892963220449
3790,6.5,6.36013603145709
3800,6.5,6.687833434474886
3810,6.5,9.107739324334393
3820,6.5,10.691459126687478
3830,6.5,10.971485763300093
3840,6.5,11.129898814508948
3850,6.5,11.238153414480191
3860,6.5,11.31890436604492
3870,6.5,11.382294547357123
3880,6.5,11.433750427818527
3890,6.5,11.476517215012626
3900,6.5,11.512690730232416
3910,6.5,11.543703122895428
3920,6.5,11.570576340175823
3930,6.5,11.594065053723082
3940,6.5,11.61474228258363
3950,6.5,11.633053247727496
3960,6.5,11.649350631182793
3970,6.5,11.663918450054474
3980,6.5,11.676988691078348
3990,6.5,11.688753190547521
4000,6.5,11.699372303038858
4010,6.5,11.708981347724915
4020,6.5,11.717695483119739
4030,6.5,11.725613449041427
4040,6.5,11.732820477975036
4050,6.5,11.739390587956299
4060,6.5,11.745388408460352
4070,6.5,11.75087064917702
4080,6.5,11.755887292516766
4090,6.5,11.760482570104708
4100,6.5,11.76469576871449
4110,6.5,11.768561900304432
4120,6.5,11.772112262860203
4130,6.5,11.775374912811753
4140,6.5,11.778375065317613
4150,6.5,11.78113543530398
4160,6.5,11.78367652953046
4170,6.5,11.786016897928416
4180,6.5,11.788173350876285
4190,6.5,11.790161147832281
4200,6.5,11.791994161759586
4210,6.5,11.793685022993573
4220,6.5,11.795245245570378
4230,6.5,11.796685338527476
4240,6.5,11.798014904274195
4250,6.5,11.799242725793267
4260,6.5,11.800376844158416
4270,6.5,11.801424627625446
4280,6.5,11.802392833365882
4290,6.5,11.803287662755741
4300,6.5,11.804114811001153
4310,6.5,11.804879511773073
4320,6.5,11.805586577431018
4330,6.5,11.806240435337909
4340,6.5,11.806845160702029
4350,6.5,11.807404506325968
4360,6.5,11.80792192959443
4370,6.5,11.808400616991738
4380,6.5,11.808843506404628
4390,6.5,11.809253307435444
4400,6.5,11.809632519924698
4410,6.5,11.809983450859056
4420,6.5,11.81030822982116
4430,6.5,11.810608823120313
4440,6.5,11.810887046728102
4450,6.5,11.811144578129731
4460,6.5,11.811382967190326
4470,6.5,11.811603646125153
4480,6.5,11.811807938653795
4490,6.5,11.811997068410273
4500,6.8,11.812624929693117
4510,6.8,11.818310372666632
4520,6.8,11.823500316269673
4530,6.8,11.828243087900832
4540,6.8,11.83258146697095
4550,6.8,11.836553456631107
4560,6.8,11.840192926491135
4570,6.8,11.84353015147676
4580,6.8,11.846592266424246
4590,6.8,11.849403651819117
4600,6.8,11.851986262887612
4610,6.8,11.854359911788737
4620,6.8,11.856542510744998
4630,6.8,11.858550282456477
4640,6.8,11.860397942966221
4650,6.8,11.862098861211514
4660,6.8,11.863665198750324
4670,6.8,11.865108032553374
4680,6.8,11.866437463268534
4690,6.8,11.867662710970897
4700,6.8,11.868792200090901
4710,6.8,11.86983363494908
4720,6.8,11.870794067108584
4730,6.8,11.871679955576397
4740,6.8,11.872497220734195
4750,6.8,11.873251292754366
4760,6.8,11.873947155151662
4770,6.8,11.87458938403217
4780,6.8,11.875182183526535
4790,6.8,11.87572941783066
4800,6.8,11.87623464022305
4810,6.8,11.876701119381673
4820,6.8,11.877131863283582
4830,6.8,11.87752964093642
4840,6.8,11.877897002161522
4850,6.8,11.87823629562293
4860,6.8,11.878549685274452
4870,6.8,11.878839165377816
4880,6.8,11.879106574228087
4890,6.8,11.87935360670794
4900,6.8,11.879581825779457
4910,6.8,11.879792673010844
4920,6.8,11.879987478225466
4930,6.8,11.880167468351832
4940,6.8,11.880333775545282
4950,6.8,11.880487444645288
4960,6.8,11.880629440026091
4970,6.8,11.88076065189286
4980,6.8,11.88088190207074
4990,6.8,11.880993949329708
5000,6.8,11.881097494284235
5010,6.8,11.881193183903246
5020,6.8,11.881281615662667
5030,6.8,11.881363341369982
5040,6.8,11.881438870687665
5050,6.8,11.881508674380024
5060,6.8,11.881573187305806
5070,6.8,11.88163281117712
5080,6.8,11.8816879171034
5090,6.8,11.881738847937575
5100,6.8,11.881785920440224
5110,6.8,11.881829427276124
5120,6.8,11.881869638856452
5130,6.8,11.881906805038799
5140,6.8,11.881941156696156
5150,6.8,11.881972907165167
5160,6.8,11.882002253583043
5170,6.8,11.88202937812185
5180,6.8,11.882054449128134
5190,6.8,11.882077622175242
5200,6.8,11.882099041035103
5210,6.8,11.882118838575689
5220,6.8,11.882137137589902
5230,6.8,11.882154051561182
5240,6.8,11.882169685370682
5250,6.8,11.882184135950537
5260,6.8,11.882197492887345
5270,6.8,11.882209838979678
5280,6.8,11.882221250753158
5290,6.8,11.882231798936342
5300,6.8,11.882241548900405
5310,6.8,11.88225056106541
5320,6.8,11.882258891275688
5330,6.8,11.882266591146703
5340,6.8,11.882273708385577
5350,6.8,11.882280287087287
5360,6.8,11.882286368008353
5370,6.8,11.882291988819787
5380,6.8,11.882297184340835
5390,6.8,11.88230198675499
5400,3.0,11.877525504550004
5410,3.0,11.813029590139408
5420,3.0,11.741534902060428
5430,3.0,11.66079389854486
5440,3.0,11.567287339620009
5450,3.0,11.455036871623053
5460,3.0,11.312596244970523
5470,3.0,11.113311980903338
5480,3.0,10.76456211834202
5490,3.0,7.405234160396097
5500,3.0,6.521180093661399
5510,3.0,6.255008568820346
5520,3.0,6.095092975933968
5530,3.0,5.981497385171417
5540,3.0,5.8940150644212705
5550,3.0,5.8233370333823125
5560,3.0,5.764395944783735
5570,3.0,5.714124577145228
5580,3.0,5.670523648503203
5590,3.0,5.632216483403434
5600,3.0,5.598214072889403
5610,3.0,5.5677814835441115
5620,3.0,5.540357294742547
5630,3.0,5.51550265328646
5640,3.0,5.492867770206341
5650,3.0,5.4721691509698225
5660,3.0,5.453173680131584
5670,3.0,5.435687224314356
5680,3.0,5.419546296490962
5690,3.0,5.404611844781173
5700,3.0,5.390764547199374
5710,3.0,5.377901194173989
5720,3.0,5.365931870132076
5730,3.0,5.354777731041687
5740,3.0,5.344369232577978
5750,3.0,5.3346447033062185
5760,3.0,5.325549185059463
5770,3.0,5.3170334824234065
5780,3.0,5.309053377457874
5790,3.0,5.301568976160491
5800,3.0,5.294544160842311
5810,3.0,5.287946128309664
5820,3.0,5.281744998066384
5830,3.0,5.275913478041961
5840,3.0,5.2704265778814525
5850,3.0,5.265261361794533
5860,3.0,5.260396734493591
5870,3.0,5.255813254957115
5880,3.0,5.251492973710586
5890,3.0,5.247419290079828
5900,3.0,5.243576826483898
5910,3.0,5.2399513173288925
5920,3.0,5.23652951046528
5930,3.0,5.23329907949886
5940,3.0,5.230248545513991
5950,3.0,5.227367206989136
5960,3.0,5.224645076867924
5970,3.0,5.222072825901307
5980,3.0,5.219641731503575
5990,3.0,5.21734363147155
6000,3.0,5.215170882006005
6010,3.0,5.213116319550055
6020,3.0,5.21117322602347
6030,3.0,5.2093352970863975
6040,3.0,5.20759661311256
6050,3.0,5.205951612591801
6060,3.0,5.204395067716059
6070,3.0,5.202922061932282
6080,3.0,5.201527969271185
6090,3.0,5.200208435282805
6100,3.0,5.198959359428837
6110,3.0,5.1977768787984076
6120,3.0,5.196657353028436
6130,3.0,5.195597350322401
6140,3.0,5.194593634472473
6150,3.0,5.193643152799747
6160,3.0,5.192743024935911
6170,3.0,5.191890532377313
6180,3.0,5.191083108749079
6190,3.0,5.1903183307229614
6200,3.0,5.189593909537823
6210,3.0,5.18890768307644
6220,3.0,5.188257608456508
6230,3.0,5.187641755097461
6240,3.0,5.187058298228142
6250,3.0,5.186505512803339
6260,3.0,5.185981767799951
6270,3.0,5.185485520865976
6280,3.0,5.18501531329774
6290,3.0,5.1845697653227525
6300,6.8,5.189904305960121
6310,6.8,5.263734488693993
6320,6.8,5.339016942633077
6330,6.8,5.416731443215743
6340,6.8,5.498066562394721
6350,6.8,5.58456284493572
6360,6.8,5.678354431973612
6370,6.8,5.7826185206286205
6380,6.8,5.902508383850265
6390,6.8,6.0473883348969
6400,6.8,6.237455207837589
6410,6.8,6.532340073818563
6420,6.8,7.4334420637382905
6430,6.8,10.692187301477535
6440,6.8,11.013678032985474
6450,6.8,11.184953696468229
6460,6.8,11.299313536023446
6470,6.8,11.383529816623023
6480,6.8,11.449086044855658
6490,6.8,11.501975706776872
6500,6.8,11.545725071293916
6510,6.8,11.582585126173916
6520,6.8,11.614080660375368
6530,6.8,11.641292324061885
6540,6.8,11.665013770206825
6550,6.8,11.68584489792823
6560,6.8,11.704250046109387
6570,6.8,11.720595848474526
6580,6.8,11.735176726235663
6590,6.8,11.74823256797799
6600,6.8,11.759961305403172
6610,6.8,11.770528057582093
6620,6.8,11.780071909862459
6630,6.8,11.788711026073805
6640,6.8,11.796546563173175
6650,6.8,11.803665710283498
6660,6.8,11.810144077404626
6670,6.8,11.81604759421756
6680,6.8,11.821434035042234
6690,6.8,11.826354255135746
6700,6.8,11.830853201687
6710,6.8,11.834970747200783
6720,6.8,11.838742381575665
6730,6.8,11.842199790797029
6740,6.8,11.845371343924851
6750,6.8,11.848282505359743
6760,6.8,11.850956185802188
6770,6.8,11.853413042583632
6780,6.8,11.855671737931653
6790,6.8,11.857749162081493
6800,6.8,11.859660626850175
6810,6.8,11.861420034264038
6820,6.8,11.863040024014046
6830,6.8,11.864532102858776
6840,6.8,11.865906758567462
6850,6.8,11.867173560567696
6860,6.8,11.868341249113783
6870,6.8,11.869417814506011
6880,6.8,11.870410567656034
6890,6.8,11.87132620309894
6900,6.8,11.872170855391037
6910,6.8,11.872950149697555
6920,6.8,11.873669247261454
6930,6.8,11.87433288634959
6940,6.8,11.874945419192224
6950,6.8,11.875510845363932
6960,6.8,11.876032841996155
6970,6.8,11.876514791162345
6980,6.8,11.87695980473442
6990,6.8,11.877370746973005
7000,6.8,11.87775025508268
7010,6.8,11.878100757936503
7020,6.8,11.878424493150648
7030,6.8,11.878723522669684
7040,6.8,11.878999747005302
7050,6.8,11.879254918255812
7060,6.8,11.879490652020166
7070,6.8,11.879708438308338
7080,6.8,11.879909651539393
7090,6.8,11.880095559709346
7100,6.8,11.88026733280266
7110,6.8,11.88042605051401
7120,6.8,11.88057270934046
7130,6.8,11.88070822909844
7140,6.8,11.880833458914811
7150,6.8,11.880949182736657
7160,6.8,11.881056124400404
7170,6.8,11.881154952297104
7180,6.8,11.881246283667464
7190,6.8,11.88133068855719
7200,5.3,11.879523167517752
7210,5.3,11.85559424440709
7220,5.3,11.831996727398849
7230,5.3,11.808744137520428
7240,5.3,11.785849977650617
7250,5.3,11.76332766501253
7260,5.3,11.741190459119663
7270,5.3,11.719451385697717
7280,5.3,11.698123157233814
7290,5.3,11.67721809093229
7300,5.3,11.656748024978624
7310,5.3,11.636724234125163
7320,5.3,11.617157345709424
7330,5.3,11.59805725729318
7340,5.3,11.579433057163463
7350,5.3,11.561292948961192
7360,5.3,11.543644181696079
7370,5.3,11.526492986365637
7380,5.3,11.509844520320579
7390,5.3,11.493702820409247
7400,5.3,11.47807076579197
7410,5.3,11.462950051145901
7420,5.3,11.448341170786849
7430,5.3,11.434243414022937
7440,5.3,11.420654871832664
7450,5.3,11.407572454734375
7460,5.3,11.394991921493313
7470,5.3,11.382907918103333
7480,5.3,11.371314026290241
7490,5.3,11.360202820618154
7500,5.3,11.349565933144092
7510,5.3,11.339394124462386
7520,5.3,11.329677359911193
7530,5.3,11.32040488967876
7540,5.3,11.311565331545895
7550,5.3,11.30314675503101
7560,5.3,11.295136765761832
7570,5.3,11.287522588979066
7580,5.3,11.280291151177565
7590,5.3,11.273429159004843
7600,5.3,11.266923174660372
7610,5.3,11.260759687167253
7620,5.3,11.25492517901661
7630,5.3,11.249406187810441
7640,5.3,11.244189362647854
7650,5.3,11.239261515110028
7660,5.3,11.234609664799287
7670,5.3,11.23022107947588
7680,5.3,11.226083309912115
7690,5.3,11.222184219647186
7700,5.3,11.218512009877417
7710,5.3,11.21505523975667
7720,5.3,11.21180284241091
7730,5.3,11.20874413699046
7740,5.3,11.205868837094462
7750,5.3,11.203167055905674
7760,5.3,11.200629308370843
7770,5.3,11.198246510754133
7780,5.3,11.196009977878889
7790,5.3,11.19391141835777
7800,5.3,11.191942928093788
7810,5.3,11.190096982315438
7820,5.3,11.188366426389072
7830,5.3,11.186744465631119
7840,5.3,11.185224654322257
7850,5.3,11.183800884105551
7860,5.3,11.182467371931239
7870,5.3,11.181218647692313
7880,5.3,11.180049541677695
7890,5.3,11.178955171953437
7900,5.3,11.17793093176746
7910,5.3,11.176972477059408
7920,5.3,11.176075714144696
7930,5.3,11.175236787630379
7940,5.3,11.174452068610313
7950,5.3,11.173718143177881
7960,5.3,11.173031801286522
7970,5.3,11.172390025981105
7980,5.3,11.171789983017021
7990,5.3,11.171229010878374
8000,5.3,11.170704611201998
8010,5.3,11.170214439610023
8020,5.3,11.169756296950283
8030,5.3,11.169328120940992
8040,5.3,11.168927978213775
8050,5.3,11.168554056747103
8060,5.3,11.168204658680676
8070,5.3,11.167878193499995
8080,5.3,11.167573171579406
8090,5.3,11.167288198071164
8100,6.9,11.178764894864429
8110,6.9,11.301683984827905
8120,6.9,11.390777803247115
8130,6.9,11.459455733638773
8140,6.9,11.514494303105774
8150,6.9,11.55979822450266
8160,6.9,11.597823763226144
8170,6.9,11.630216696299918
8180,6.9,11.658133603634013
8190,6.9,11.682418193942496
8200,6.9,11.703704698957843
8210,6.9,11.7224817860682
8220,6.9,11.739133804932592
8230,6.9,11.753968379131877
8240,6.9,11.767235432931727
8250,6.9,11.779140658515677
8260,6.9,11.789855266418705
8270,6.9,11.799523186466745
8280,6.9,11.808266480009074
8290,6.9,11.816189471865481
8300,6.9,11.823381949401869
8310,6.9,11.82992167089633
8320,6.9,11.83587635503959
8330,6.9,11.841305275503197
8340,6.9,11.8462605512799
8350,6.9,11.850788200078467
8360,6.9,11.854929005299155
8370,6.9,11.858719234965294
8380,6.9,11.862191242064133
8390,6.9,11.865373969122386
8400,6.9,11.868293374865651
8410,6.9,11.870972797037071
8420,6.9,11.873433262562207
8430,6.9,11.875693754016877
8440,6.9,11.87777143961893
8450,6.9,11.879681872603374
8460,6.9,11.88143916476483
8470,6.9,11.883056138095883
8480,6.9,11.884544457765331
8490,6.9,11.885914749128995
8500,6.9,11.88717670101939
8510,6.9,11.888339157197002
8520,6.9,11.88941019754843
8530,6.9,11.890397210371935
8540,6.9,11.891306956888759
8550,6.9,11.892145628950725
8560,6.9,11.892918900774704
8570,6.9,11.8936319754174
8580,6.9,11.894289626605504
8590,6.9,11.89489623645319
8600,6.9,11.895455829528602
8610,6.9,11.895972103671275
8620,6.9,11.896448457911395
8630,6.9,11.896888017798302
8640,6.9,11.89729365840812
8650,6.9,11.89766802526827
8660,6.9,11.898013553408713
8670,6.9,11.898332484725705
8680,6.9,11.898626883822894
8690,6.9,11.898898652476344
8700,6.9,11.899149542854106
8710,6.9,11.899381169607048
8720,6.9,11.899595020935317
8730,6.9,11.899792468724108
8740,6.9,11.899974777832812
8750,6.9,11.900143114613211
8760,6.9,11.900298554724968
8770,6.9,11.900442090309934
8780,6.9,11.90057463658099
8790,6.9,11.900697037875766
8800,6.9,11.90081007322097
8810,6.9,11.900914461448757
8820,6.9,11.901010865902824
8830,6.9,11.901099898768528
8840,6.9,11.901182125058222
8850,6.9,11.901258066280263
8860,6.9,11.90132820381768
8870,6.9,11.901392982040159
8880,6.9,11.90145281117108
8890,6.9,11.901508069929353
8900,6.9,11.901559107964236
8910,6.9,11.901606248099734
8920,6.9,11.901649788403786
8930,6.9,11.90169000409621
8940,6.9,11.901727149308213
8950,6.9,11.901761458705217
8960,6.9,11.901793148983769
8970,6.9,11.90182242025251
8980,6.9,11.901849457306232
8990,6.9,11.901874430801488
9000,6.9,11.90189749834139
9010,6.9,11.901918805476722
9020,6.9,11.901938486629893
9030,6.9,11.90195666594771
9040,6.9,11.901973458088532
9050,6.9,11.901988968948865
9060,6.9,11.902003296334131
9070,6.9,11.90201653057789
9080,6.9,11.902028755113541
9090,6.9,11.902040047002123
9100,6.9,11.90205047741967
9110,6.9,11.902060112107167
9120,6.9,11.90206901178605
9130,6.9,11.902077232541854
9140,6.9,11.902084826178488
9150,6.9,11.902091840545388
9160,6.9,11.902098319839633
9170,6.9,11.902104304884935
9180,6.9,11.902109833389295
9190,6.9,11.902114940182948
9200,6.9,11.902119657438115
9210,6.9,11.902124014871966
9220,6.9,11.902128039934041
9230,6.9,11.902131757979387
9240,6.9,11.90213519242843
9250,6.9,11.902138364914652
9260,6.9,11.902141295420986
9270,6.9,11.902144002405784
9280,6.9,11.902146502919171
9290,6.9,11.90214881271052
9300,6.9,11.9021509463277
9310,6.9,11.90215291720877
9320,6.9,11.902154737766663
9330,6.9,11.902156419467397
9340,6.9,11.90215797290233
9350,6.9,11.902159407854894
9360,6.9,11.902160733362228
9370,6.9,11.902161957772126
9380,6.9,11.902163088795616
9390,6.9,11.902164133555546
9400,6.9,11.902165098631455
9410,6.9,11.902165990101013
9420,6.9,11.90216681357831
9430,6.9,11.902167574249223
9440,6.9,11.902168276904074
9450,6.9,11.90216892596781
9460,6.9,11.902169525527865
9470,6.9,11.902170079359918
9480,6.9,11.902170590951657
9490,6.9,11.902171063524763
9500,6.9,11.902171500055191
9510,6.9,11.902171903291908
9520,6.9,11.90217227577422
9530,6.9,11.902172619847754
9540,6.9,11.902172937679232
9550,6.9,11.902173231270119
9560,6.9,11.90217350246923
9570,6.9,11.902173752984368
9580,6.9,11.902173984393077
9590,6.9,11.90217419815259
9600,6.9,11.90217439560899
9610,6.9,11.902174578005699
9620,6.9,11.9021747464913
9630,6.9,11.902174902126777
9640,6.9,11.902175045892193
9650,6.9,11.90217517869286
9660,6.9,11.902175301365045
9670,6.9,11.902175414681231
9680,6.9,11.902175519354989
9690,6.9,11.902175616045461
9700,6.9,11.902175705361524
9710,6.9,11.902175787865609
9720,6.9,11.902175864077254
9730,6.9,11.902175934476375
9740,6.9,11.902175999506284
9750,6.9,11.90217605957648
9760,6.9,11.902176115065233
9770,6.9,11.902176166321961
9780,6.9,11.902176213669433
9790,6.9,11.902176257405802
9800,6.9,11.90217629780648
9810,6.9,11.902176335125876
9820,6.9,11.90217636959899
9830,6.9,11.902176401442906
9840,6.9,11.902176430858146
9850,6.9,11.902176458029942
9860,6.9,11.902176483129397
9870,6.9,11.902176506314566
9880,6.9,11.902176527731443
9890,6.9,11.9021765475149
9900,6.9,11.902176565789508
